firstname,lastname,gender,birthday,age,country,nationality,email,phone,cell,street,hnumber,latitude,longitude,pic_thumbnail,pic_large
Storm,Poulsen,male,1959-03-26T14:18:07.317Z,61,,DK,storm.poulsen@example.com,70903150,75814130,Lysalleen,5211,,,https://randomuser.me/api/portraits/thumb/men/86.jpg,https://randomuser.me/api/portraits/men/86.jpg
Cecil,Jenkins,male,1948-03-11T10:06:24.151Z,72,,IE,cecil.jenkins@example.com,051-200-6619,081-693-5755,"West Street",5588,,,https://randomuser.me/api/portraits/thumb/men/43.jpg,https://randomuser.me/api/portraits/men/43.jpg
Jimi,Laine,male,1976-01-05T10:35:33.416Z,44,,FI,jimi.laine@example.com,02-970-108,046-640-22-06,Myllypuronkatu,2070,,,https://randomuser.me/api/portraits/thumb/men/64.jpg,https://randomuser.me/api/portraits/men/64.jpg
Pat,Fuller,male,1983-05-06T02:29:35.108Z,37,,IE,pat.fuller@example.com,021-544-1449,081-244-5655,"The Green",8852,,,https://randomuser.me/api/portraits/thumb/men/76.jpg,https://randomuser.me/api/portraits/men/76.jpg
Artur,Ueland,male,1979-06-13T16:08:32.832Z,41,,NO,artur.ueland@example.com,66915743,41574814,Eddaveien,2863,,,https://randomuser.me/api/portraits/thumb/men/39.jpg,https://randomuser.me/api/portraits/men/39.jpg
Patrick,Walters,male,1975-08-06T15:01:58.464Z,45,,GB,patrick.walters@example.com,"016977 38151",0703-280-001,"Park Road",2644,,,https://randomuser.me/api/portraits/thumb/men/2.jpg,https://randomuser.me/api/portraits/men/2.jpg
Milla,Keranen,female,1979-09-25T03:52:49.446Z,41,,FI,milla.keranen@example.com,08-951-525,042-945-07-12,Tehtaankatu,3909,,,https://randomuser.me/api/portraits/thumb/women/67.jpg,https://randomuser.me/api/portraits/women/67.jpg
Kerttu,Lampi,female,1965-10-30T10:18:38.699Z,55,,FI,kerttu.lampi@example.com,06-800-378,044-144-24-00,Rautatienkatu,8029,,,https://randomuser.me/api/portraits/thumb/women/15.jpg,https://randomuser.me/api/portraits/women/15.jpg
Darryl,Peterson,male,1988-10-17T08:42:47.132Z,32,,US,darryl.peterson@example.com,(589)-788-9897,(846)-181-1361,"Stevens Creek Blvd",8258,,,https://randomuser.me/api/portraits/thumb/men/26.jpg,https://randomuser.me/api/portraits/men/26.jpg
Mestan,Akay,female,1967-01-28T01:08:45.610Z,53,,TR,mestan.akay@example.com,(356)-362-1278,(118)-082-2311,"Istiklal Cd",7346,,,https://randomuser.me/api/portraits/thumb/women/9.jpg,https://randomuser.me/api/portraits/women/9.jpg
Maida,Bakk,female,1981-12-10T22:26:09.970Z,39,,NO,maida.bakk@example.com,68724487,95209388,"Trygve Lies plass",2853,,,https://randomuser.me/api/portraits/thumb/women/18.jpg,https://randomuser.me/api/portraits/women/18.jpg
Ivy,Jones,female,1988-08-11T03:48:36.723Z,32,,NZ,ivy.jones@example.com,(096)-657-2414,(014)-265-4663,"Hillside Road",222,,,https://randomuser.me/api/portraits/thumb/women/59.jpg,https://randomuser.me/api/portraits/women/59.jpg
Aurore,Jean,female,1967-04-19T05:33:31.266Z,53,,FR,aurore.jean@example.com,04-23-43-99-49,06-44-48-26-01,"Rue du Stade",7763,,,https://randomuser.me/api/portraits/thumb/women/19.jpg,https://randomuser.me/api/portraits/women/19.jpg
Dirk,Martinez,male,1989-07-02T06:20:08.157Z,31,,CH,dirk.martinez@example.com,"078 230 01 97","077 951 63 00","Rue des Abbesses",9087,,,https://randomuser.me/api/portraits/thumb/men/3.jpg,https://randomuser.me/api/portraits/men/3.jpg
Noah,White,male,1982-02-25T04:35:38.358Z,38,,CA,noah.white@example.com,785-575-4447,172-567-0718,"Simcoe St",9763,,,https://randomuser.me/api/portraits/thumb/men/35.jpg,https://randomuser.me/api/portraits/men/35.jpg
Rurique,"da Rocha",male,1967-09-13T02:39:12.135Z,53,,BR,rurique.darocha@example.com,"(29) 5013-5509","(34) 0667-4487","Rua Minas Gerais ",1647,,,https://randomuser.me/api/portraits/thumb/men/53.jpg,https://randomuser.me/api/portraits/men/53.jpg
Victoria,Porter,female,1992-01-25T21:53:16.842Z,28,,GB,victoria.porter@example.com,"013873 08792",0730-665-893,"York Road",5675,,,https://randomuser.me/api/portraits/thumb/women/88.jpg,https://randomuser.me/api/portraits/women/88.jpg
Blanca,Gallego,female,1970-07-04T01:35:18.573Z,50,,ES,blanca.gallego@example.com,950-106-748,664-599-247,"Avenida del Planetario",9282,,,https://randomuser.me/api/portraits/thumb/women/69.jpg,https://randomuser.me/api/portraits/women/69.jpg
Aubree,Addy,female,1983-11-11T03:56:48.631Z,37,,CA,aubree.addy@example.com,200-759-8883,248-640-2462,"Charles St",9189,,,https://randomuser.me/api/portraits/thumb/women/29.jpg,https://randomuser.me/api/portraits/women/29.jpg
علی,گلشن,male,1978-07-15T16:43:40.599Z,42,,IR,aaly.glshn@example.com,035-06752359,0916-366-9940,آزادی,8937,,,https://randomuser.me/api/portraits/thumb/men/68.jpg,https://randomuser.me/api/portraits/men/68.jpg
Ryan,Jean-Baptiste,male,1962-12-19T07:02:40.900Z,58,,CA,ryan.jean-baptiste@example.com,392-705-4905,736-331-9535,"York St",8036,,,https://randomuser.me/api/portraits/thumb/men/90.jpg,https://randomuser.me/api/portraits/men/90.jpg
Victoria,Andersen,female,1997-11-02T22:01:55.820Z,23,,DK,victoria.andersen@example.com,19550278,73489346,Porsevej,1407,,,https://randomuser.me/api/portraits/thumb/women/93.jpg,https://randomuser.me/api/portraits/women/93.jpg
Yolande,David,female,1985-10-31T08:55:47.489Z,35,,CH,yolande.david@example.com,"079 364 31 15","079 277 63 74","Rue du Château",555,,,https://randomuser.me/api/portraits/thumb/women/20.jpg,https://randomuser.me/api/portraits/women/20.jpg
Elmer,Fernandez,male,1979-03-09T07:40:34.397Z,41,,GB,elmer.fernandez@example.com,"0114007 921 2827",0731-134-962,"The Crescent",4937,,,https://randomuser.me/api/portraits/thumb/men/53.jpg,https://randomuser.me/api/portraits/men/53.jpg
Elisa,Adam,female,1981-09-09T02:33:30.262Z,39,,FR,elisa.adam@example.com,04-74-59-70-04,06-98-43-07-77,"Rue Barrier",1151,,,https://randomuser.me/api/portraits/thumb/women/68.jpg,https://randomuser.me/api/portraits/women/68.jpg
Clifford,Reed,male,1961-04-30T18:38:45.984Z,59,,GB,clifford.reed@example.com,"017684 92359",0718-241-430,"Victoria Street",1239,,,https://randomuser.me/api/portraits/thumb/men/14.jpg,https://randomuser.me/api/portraits/men/14.jpg
Tolunay,"Van der Rijst",male,1978-02-14T13:51:54.419Z,42,,NL,tolunay.vanderrijst@example.com,(985)-802-4809,(585)-255-0099,Grasperk,4238,,,https://randomuser.me/api/portraits/thumb/men/15.jpg,https://randomuser.me/api/portraits/men/15.jpg
Noe,Roche,male,1989-08-15T18:37:38.558Z,31,,FR,noe.roche@example.com,03-90-88-68-90,06-84-54-54-28,"Boulevard de la Duchère",3516,,,https://randomuser.me/api/portraits/thumb/men/57.jpg,https://randomuser.me/api/portraits/men/57.jpg
Edgar,Sanchez,male,1959-07-21T09:04:56.782Z,61,,AU,edgar.sanchez@example.com,07-2565-5613,0463-791-702,"Cherry St",9821,,,https://randomuser.me/api/portraits/thumb/men/31.jpg,https://randomuser.me/api/portraits/men/31.jpg
Volkan,Ertürk,male,1956-07-27T16:35:23.754Z,64,,TR,volkan.erturk@example.com,(179)-182-1564,(198)-351-5237,"Talak Göktepe Cd",5690,,,https://randomuser.me/api/portraits/thumb/men/19.jpg,https://randomuser.me/api/portraits/men/19.jpg
Tim,Nguyen,male,1996-08-13T16:06:14.971Z,24,,AU,tim.nguyen@example.com,04-9029-7595,0403-070-924,"Wycliff Ave",9013,,,https://randomuser.me/api/portraits/thumb/men/45.jpg,https://randomuser.me/api/portraits/men/45.jpg
Hannah,Picard,female,1969-12-17T09:43:05.036Z,51,,CH,hannah.picard@example.com,"075 864 14 65","075 514 48 79","Route de Genas",3130,,,https://randomuser.me/api/portraits/thumb/women/85.jpg,https://randomuser.me/api/portraits/women/85.jpg
William,Jackson,male,1950-09-07T21:43:47.836Z,70,,NZ,william.jackson@example.com,(525)-847-5414,(139)-132-8021,"Kilmore Street",3893,,,https://randomuser.me/api/portraits/thumb/men/77.jpg,https://randomuser.me/api/portraits/men/77.jpg
Sibylla,Hörmann,female,1985-03-21T10:11:11.451Z,35,,DE,sibylla.hormann@example.com,0441-7276723,0173-8617540,Kirchplatz,3197,,,https://randomuser.me/api/portraits/thumb/women/48.jpg,https://randomuser.me/api/portraits/women/48.jpg
Emilia,Manninen,female,1947-11-05T07:01:07.875Z,73,,FI,emilia.manninen@example.com,03-780-720,048-624-72-07,"Hatanpään Valtatie",2573,,,https://randomuser.me/api/portraits/thumb/women/49.jpg,https://randomuser.me/api/portraits/women/49.jpg
آیلین,زارعی,female,1958-08-29T23:14:22.298Z,62,,IR,aylyn.zraay@example.com,017-50610360,0911-954-2542,"پارک ولیعصر",6485,,,https://randomuser.me/api/portraits/thumb/women/47.jpg,https://randomuser.me/api/portraits/women/47.jpg
Volkan,Erbay,male,1957-09-22T23:14:35.713Z,63,,TR,volkan.erbay@example.com,(688)-663-1031,(952)-262-5878,"Fatih Sultan Mehmet Cd",2673,,,https://randomuser.me/api/portraits/thumb/men/4.jpg,https://randomuser.me/api/portraits/men/4.jpg
Gundel,Hilpert,female,1953-06-24T01:58:58.888Z,67,,DE,gundel.hilpert@example.com,0482-7287864,0170-1051751,Marktplatz,4753,,,https://randomuser.me/api/portraits/thumb/women/58.jpg,https://randomuser.me/api/portraits/women/58.jpg
Kirk,Kuhn,male,1950-03-31T08:42:03.697Z,70,,US,kirk.kuhn@example.com,(856)-376-4372,(390)-276-8534,"W 6th St",7074,,,https://randomuser.me/api/portraits/thumb/men/85.jpg,https://randomuser.me/api/portraits/men/85.jpg
Emma,Mason,female,1991-09-02T10:28:04.723Z,29,,US,emma.mason@example.com,(199)-409-9454,(202)-287-5766,"Pecan Acres Ln",5063,,,https://randomuser.me/api/portraits/thumb/women/4.jpg,https://randomuser.me/api/portraits/women/4.jpg
Ramadan,Lopez,male,1982-12-06T12:03:02.632Z,38,,CH,ramadan.lopez@example.com,"079 950 19 64","077 985 09 85","Avenue des Ternes",9766,,,https://randomuser.me/api/portraits/thumb/men/99.jpg,https://randomuser.me/api/portraits/men/99.jpg
Duane,Holt,male,1983-01-24T20:58:43.540Z,37,,AU,duane.holt@example.com,02-3190-1744,0488-058-052,"Plum St",7363,,,https://randomuser.me/api/portraits/thumb/men/38.jpg,https://randomuser.me/api/portraits/men/38.jpg
ایلیا,"سلطانی نژاد",male,1976-06-17T04:18:28.141Z,44,,IR,yly.sltnynjd@example.com,094-41004796,0991-645-4843,"میرزای شیرازی",2715,,,https://randomuser.me/api/portraits/thumb/men/58.jpg,https://randomuser.me/api/portraits/men/58.jpg
Thomas,Morin,male,1958-04-27T05:12:11.504Z,62,,CA,thomas.morin@example.com,229-691-0989,913-039-4697,"9th St",536,,,https://randomuser.me/api/portraits/thumb/men/84.jpg,https://randomuser.me/api/portraits/men/84.jpg
Katrine,Jensen,female,1948-02-05T05:19:15.850Z,72,,DK,katrine.jensen@example.com,49702766,90035818,Lyngvej,2606,,,https://randomuser.me/api/portraits/thumb/women/6.jpg,https://randomuser.me/api/portraits/women/6.jpg
Fabienne,Müller,female,1987-11-04T16:43:47.124Z,33,,NL,fabienne.muller@example.com,(322)-567-1899,(251)-278-9720,Cruquiushaven,6637,,,https://randomuser.me/api/portraits/thumb/women/45.jpg,https://randomuser.me/api/portraits/women/45.jpg
Sedef,Oraloğlu,female,1945-07-08T10:46:09.633Z,75,,TR,sedef.oraloglu@example.com,(305)-595-4041,(372)-580-9445,"Maçka Cd",6538,,,https://randomuser.me/api/portraits/thumb/women/86.jpg,https://randomuser.me/api/portraits/women/86.jpg
Bessie,Butler,female,1978-07-22T01:27:01.766Z,42,,AU,bessie.butler@example.com,03-4880-4172,0494-460-622,"Cackson St",8727,,,https://randomuser.me/api/portraits/thumb/women/80.jpg,https://randomuser.me/api/portraits/women/80.jpg
Arthur,Gerard,male,1987-07-15T22:44:49.449Z,33,,FR,arthur.gerard@example.com,03-57-96-81-00,06-18-11-77-02,"Avenue Debourg",7529,,,https://randomuser.me/api/portraits/thumb/men/51.jpg,https://randomuser.me/api/portraits/men/51.jpg
Brennan,Kelly,male,1963-08-27T23:26:58.981Z,57,,US,brennan.kelly@example.com,(458)-156-6098,(202)-006-3955,"Spring St",4976,,,https://randomuser.me/api/portraits/thumb/men/64.jpg,https://randomuser.me/api/portraits/men/64.jpg
Manuela,Vazquez,female,1955-04-16T20:46:13.943Z,65,,ES,manuela.vazquez@example.com,947-042-272,604-298-013,"Calle de Arganzuela",4950,,,https://randomuser.me/api/portraits/thumb/women/50.jpg,https://randomuser.me/api/portraits/women/50.jpg
Josefina,Romero,female,1968-02-08T14:44:06.043Z,52,,ES,josefina.romero@example.com,984-966-115,651-039-099,"Calle de La Democracia",3469,,,https://randomuser.me/api/portraits/thumb/women/65.jpg,https://randomuser.me/api/portraits/women/65.jpg
Oona,Lassila,female,1955-05-31T13:34:45.536Z,65,,FI,oona.lassila@example.com,04-099-915,047-438-82-26,Mechelininkatu,8655,,,https://randomuser.me/api/portraits/thumb/women/19.jpg,https://randomuser.me/api/portraits/women/19.jpg
Théo,Perez,male,1977-07-25T08:49:10.804Z,43,,FR,theo.perez@example.com,02-04-73-48-99,06-49-01-38-13,"Place de L'Abbé-Basset",9808,,,https://randomuser.me/api/portraits/thumb/men/23.jpg,https://randomuser.me/api/portraits/men/23.jpg
Genesis,Barrett,female,1985-04-24T05:26:40.455Z,35,,US,genesis.barrett@example.com,(665)-884-7645,(939)-440-7235,"Thornridge Cir",8439,,,https://randomuser.me/api/portraits/thumb/women/79.jpg,https://randomuser.me/api/portraits/women/79.jpg
Shady,"De Boorder",male,1975-05-13T21:08:42.260Z,45,,NL,shady.deboorder@example.com,(011)-046-1753,(564)-399-0107,"Aert van Gelderstraat",2432,,,https://randomuser.me/api/portraits/thumb/men/50.jpg,https://randomuser.me/api/portraits/men/50.jpg
Albert,Rubio,male,1993-03-20T23:40:06.610Z,27,,ES,albert.rubio@example.com,921-255-947,605-008-998,"Calle de Téllez",5699,,,https://randomuser.me/api/portraits/thumb/men/2.jpg,https://randomuser.me/api/portraits/men/2.jpg
Nurdan,Okumuş,female,1973-10-15T14:07:36.966Z,47,,TR,nurdan.okumus@example.com,(604)-886-2041,(971)-554-0458,"Doktorlar Cd",8569,,,https://randomuser.me/api/portraits/thumb/women/55.jpg,https://randomuser.me/api/portraits/women/55.jpg
Yoran,Kooyman,male,1946-01-15T18:58:49.257Z,74,,NL,yoran.kooyman@example.com,(198)-598-5211,(786)-162-9229,Duiventorenbaan,7791,,,https://randomuser.me/api/portraits/thumb/men/63.jpg,https://randomuser.me/api/portraits/men/63.jpg
Blanka,Wessel,female,1950-11-27T12:44:08.639Z,70,,DE,blanka.wessel@example.com,0022-1345075,0174-8095870,Amselweg,4075,,,https://randomuser.me/api/portraits/thumb/women/47.jpg,https://randomuser.me/api/portraits/women/47.jpg
Taciana,Sales,female,1954-08-20T22:07:09.569Z,66,,BR,taciana.sales@example.com,"(08) 5374-8953","(44) 0340-6916","Rua Santo Antônio ",8911,,,https://randomuser.me/api/portraits/thumb/women/14.jpg,https://randomuser.me/api/portraits/women/14.jpg
نیایش,یاسمی,female,1946-06-07T06:19:34.217Z,74,,IR,nyysh.ysmy@example.com,017-34914496,0962-847-1469,"دکتر چمران",707,,,https://randomuser.me/api/portraits/thumb/women/23.jpg,https://randomuser.me/api/portraits/women/23.jpg
Harper,Fortin,female,1985-11-15T01:01:41.573Z,35,,CA,harper.fortin@example.com,652-793-1994,251-340-2610,"Park Rd",4032,,,https://randomuser.me/api/portraits/thumb/women/37.jpg,https://randomuser.me/api/portraits/women/37.jpg
Luca,Li,male,1968-12-03T19:39:44.526Z,52,,NZ,luca.li@example.com,(415)-215-4027,(805)-008-0949,"Grove Road",9241,,,https://randomuser.me/api/portraits/thumb/men/98.jpg,https://randomuser.me/api/portraits/men/98.jpg
Shelly,Mitchelle,female,1980-04-18T05:13:13.297Z,40,,US,shelly.mitchelle@example.com,(979)-977-1370,(512)-867-5824,"Fairview St",7887,,,https://randomuser.me/api/portraits/thumb/women/53.jpg,https://randomuser.me/api/portraits/women/53.jpg
Jeremiah,Bennett,male,1986-02-01T00:26:05.124Z,34,,AU,jeremiah.bennett@example.com,09-8992-5708,0444-477-481,"Locust Rd",2396,,,https://randomuser.me/api/portraits/thumb/men/29.jpg,https://randomuser.me/api/portraits/men/29.jpg
Diane,Webb,female,1989-05-08T16:41:54.086Z,31,,AU,diane.webb@example.com,02-6157-5599,0470-382-354,"Brown Terrace",1897,,,https://randomuser.me/api/portraits/thumb/women/63.jpg,https://randomuser.me/api/portraits/women/63.jpg
Jasper,Hughes,male,1954-02-05T03:50:55.757Z,66,,NZ,jasper.hughes@example.com,(573)-893-1671,(599)-586-7674,"Western Hills Drive",6657,,,https://randomuser.me/api/portraits/thumb/men/42.jpg,https://randomuser.me/api/portraits/men/42.jpg
Viljami,Perko,male,1949-09-04T22:35:16.576Z,71,,FI,viljami.perko@example.com,02-543-303,046-073-89-16,Siilitie,9868,,,https://randomuser.me/api/portraits/thumb/men/98.jpg,https://randomuser.me/api/portraits/men/98.jpg
Ashley,Castillo,female,1979-08-19T19:09:39.331Z,41,,GB,ashley.castillo@example.com,"016977 1761",0725-140-543,"Queen Street",9983,,,https://randomuser.me/api/portraits/thumb/women/73.jpg,https://randomuser.me/api/portraits/women/73.jpg
حسین,کریمی,male,1997-06-24T02:18:04.550Z,23,,IR,hsyn.khrymy@example.com,057-03307564,0959-864-2987,"استاد قریب",1877,,,https://randomuser.me/api/portraits/thumb/men/9.jpg,https://randomuser.me/api/portraits/men/9.jpg
Hanan,Hoffmans,male,1978-09-04T14:38:05.452Z,42,,NL,hanan.hoffmans@example.com,(804)-154-8637,(859)-444-6901,Aldenborghstraat,8209,,,https://randomuser.me/api/portraits/thumb/men/78.jpg,https://randomuser.me/api/portraits/men/78.jpg
Charlotte,Jimenez,female,1972-10-26T14:34:18.400Z,48,,GB,charlotte.jimenez@example.com,"023 9737 8941",0781-369-360,"Victoria Road",6437,,,https://randomuser.me/api/portraits/thumb/women/74.jpg,https://randomuser.me/api/portraits/women/74.jpg
Neea,Kurtti,female,1980-05-13T05:10:00.647Z,40,,FI,neea.kurtti@example.com,03-101-945,041-531-59-86,Satakennankatu,7511,,,https://randomuser.me/api/portraits/thumb/women/81.jpg,https://randomuser.me/api/portraits/women/81.jpg
Sandra,Parra,female,1981-08-22T16:09:44.742Z,39,,ES,sandra.parra@example.com,921-030-292,693-349-543,"Calle del Pez",9187,,,https://randomuser.me/api/portraits/thumb/women/67.jpg,https://randomuser.me/api/portraits/women/67.jpg
Angel,Johnson,male,1955-05-05T09:37:11.374Z,65,,GB,angel.johnson@example.com,"015395 61751",0766-912-614,"South Street",2436,,,https://randomuser.me/api/portraits/thumb/men/80.jpg,https://randomuser.me/api/portraits/men/80.jpg
Adam,Wright,male,1988-03-14T05:10:53.521Z,32,,NZ,adam.wright@example.com,(093)-023-0540,(448)-165-8367,"Harewood Road",9829,,,https://randomuser.me/api/portraits/thumb/men/20.jpg,https://randomuser.me/api/portraits/men/20.jpg
Daniel,Park,male,1977-02-05T02:21:28.501Z,43,,CA,daniel.park@example.com,379-543-3574,823-289-9618,"Dieppe Ave",6977,,,https://randomuser.me/api/portraits/thumb/men/51.jpg,https://randomuser.me/api/portraits/men/51.jpg
Naomi,Masson,female,1990-10-21T13:09:52.975Z,30,,FR,naomi.masson@example.com,02-66-02-56-69,06-98-75-73-27,"Rue de L'Abbé-De-L'Épée",6362,,,https://randomuser.me/api/portraits/thumb/women/82.jpg,https://randomuser.me/api/portraits/women/82.jpg
Pietro,Lefebvre,male,1953-01-23T04:39:20.170Z,67,,CH,pietro.lefebvre@example.com,"075 997 05 87","076 166 72 71","Place des 44 Enfants D'Izieu",1133,,,https://randomuser.me/api/portraits/thumb/men/44.jpg,https://randomuser.me/api/portraits/men/44.jpg
Blanche,Teixeira,female,1986-05-07T06:49:27.078Z,34,,BR,blanche.teixeira@example.com,"(16) 6074-4430","(87) 3289-3622","Rua Paraíba ",1901,,,https://randomuser.me/api/portraits/thumb/women/21.jpg,https://randomuser.me/api/portraits/women/21.jpg
Danielle,Andrews,female,1972-02-08T21:08:59.720Z,48,,GB,danielle.andrews@example.com,"015395 56450",0782-919-018,"Springfield Road",2075,,,https://randomuser.me/api/portraits/thumb/women/34.jpg,https://randomuser.me/api/portraits/women/34.jpg
Lorival,"da Conceição",male,1974-08-26T19:19:16.958Z,46,,BR,lorival.daconceicao@example.com,"(41) 0202-2200","(92) 2021-2935","Beco dos Namorados",957,,,https://randomuser.me/api/portraits/thumb/men/90.jpg,https://randomuser.me/api/portraits/men/90.jpg
Renata,Perez,female,1955-08-02T18:27:55.728Z,65,,CH,renata.perez@example.com,"075 415 90 41","078 575 60 48","Rue Cyrus-Hugues",5541,,,https://randomuser.me/api/portraits/thumb/women/87.jpg,https://randomuser.me/api/portraits/women/87.jpg
Lionel,Junker,male,1994-08-30T06:58:51.242Z,26,,DE,lionel.junker@example.com,0470-3772015,0175-5353770,Römerstraße,4768,,,https://randomuser.me/api/portraits/thumb/men/16.jpg,https://randomuser.me/api/portraits/men/16.jpg
Heather,Douglas,female,1998-06-18T07:16:58.752Z,22,,IE,heather.douglas@example.com,011-669-5864,081-963-9342,"Albert Road",9500,,,https://randomuser.me/api/portraits/thumb/women/59.jpg,https://randomuser.me/api/portraits/women/59.jpg
Marcel,Leclerc,male,1990-10-16T06:51:57.193Z,30,,CH,marcel.leclerc@example.com,"079 568 48 20","077 589 19 01","Rue Jean-Baldassini",287,,,https://randomuser.me/api/portraits/thumb/men/48.jpg,https://randomuser.me/api/portraits/men/48.jpg
Nicklas,Thomsen,male,1990-06-14T15:57:18.607Z,30,,DK,nicklas.thomsen@example.com,84972317,66476771,Skovbrynet,5372,,,https://randomuser.me/api/portraits/thumb/men/32.jpg,https://randomuser.me/api/portraits/men/32.jpg
Ava,Smith,female,1955-01-23T18:37:50.657Z,65,,NZ,ava.smith@example.com,(893)-595-1578,(573)-694-3075,"Lambton Quay",6551,,,https://randomuser.me/api/portraits/thumb/women/12.jpg,https://randomuser.me/api/portraits/women/12.jpg
Clayton,Johnston,male,1987-08-10T11:57:43.203Z,33,,IE,clayton.johnston@example.com,041-582-1840,081-862-7210,"The Avenue",2432,,,https://randomuser.me/api/portraits/thumb/men/60.jpg,https://randomuser.me/api/portraits/men/60.jpg
Hilmar,Lang,male,1966-04-29T04:12:24.644Z,54,,DE,hilmar.lang@example.com,0616-0651530,0174-4037225,Kirchstraße,8808,,,https://randomuser.me/api/portraits/thumb/men/33.jpg,https://randomuser.me/api/portraits/men/33.jpg
Ava,Lawrence,female,1987-12-23T05:02:06.215Z,33,,AU,ava.lawrence@example.com,09-9416-1271,0455-915-616,"Miller Ave",9721,,,https://randomuser.me/api/portraits/thumb/women/5.jpg,https://randomuser.me/api/portraits/women/5.jpg
Ülkü,Yazıcı,female,1950-08-30T21:29:35.629Z,70,,TR,ulku.yazici@example.com,(073)-961-1140,(563)-164-6626,"Doktorlar Cd",5683,,,https://randomuser.me/api/portraits/thumb/women/15.jpg,https://randomuser.me/api/portraits/women/15.jpg
Ashley,Lawson,female,1994-09-28T19:26:57.385Z,26,,IE,ashley.lawson@example.com,051-539-8131,081-819-9094,"Park Road",1623,,,https://randomuser.me/api/portraits/thumb/women/81.jpg,https://randomuser.me/api/portraits/women/81.jpg
النا,یاسمی,female,1957-01-02T23:22:21.112Z,63,,IR,ln.ysmy@example.com,008-53699990,0973-808-8873,"آیت الله مدرس",6724,,,https://randomuser.me/api/portraits/thumb/women/71.jpg,https://randomuser.me/api/portraits/women/71.jpg
Dan,Dean,male,1983-12-11T01:51:01.624Z,37,,AU,dan.dean@example.com,05-8982-4147,0447-127-491,"Edwards Rd",5283,,,https://randomuser.me/api/portraits/thumb/men/43.jpg,https://randomuser.me/api/portraits/men/43.jpg
Viivi,Koistinen,female,1971-04-25T07:11:58.894Z,49,,FI,viivi.koistinen@example.com,02-926-091,044-179-31-38,Reijolankatu,1775,,,https://randomuser.me/api/portraits/thumb/women/37.jpg,https://randomuser.me/api/portraits/women/37.jpg
Tilde,Christensen,female,1980-06-05T10:29:55.523Z,40,,DK,tilde.christensen@example.com,45136903,05610791,Grønnegade,2235,,,https://randomuser.me/api/portraits/thumb/women/59.jpg,https://randomuser.me/api/portraits/women/59.jpg
آیناز,کریمی,female,1969-03-02T19:02:32.324Z,51,,IR,aynz.khrymy@example.com,019-39560725,0966-940-4760,"میدان 7 تیر",8743,,,https://randomuser.me/api/portraits/thumb/women/12.jpg,https://randomuser.me/api/portraits/women/12.jpg
Veronica,Mendez,female,1968-10-09T19:13:56.901Z,52,,ES,veronica.mendez@example.com,958-953-800,690-875-369,"Calle de Téllez",5112,,,https://randomuser.me/api/portraits/thumb/women/12.jpg,https://randomuser.me/api/portraits/women/12.jpg
